{"Labels": {"_type": "images/separated", "width": 1600, "height": 1600, "format": "jpg", "count": 2, "captions": ["labels.jpg", "labels_correlogram.jpg"]}, "train/box_loss": 0.06482283771038055, "train/obj_loss": 0.23640300333499908, "train/cls_loss": 0.08096792548894882, "metrics/precision": 0.4253378203321281, "metrics/recall": 0.12420337784044685, "metrics/mAP_0.5": 0.07212232854090857, "metrics/mAP_0.5:0.95": 0.0325172591489585, "val/box_loss": 0.06424348056316376, "val/obj_loss": 0.1804351508617401, "val/cls_loss": 0.07484588772058487, "x/lr0": 0.009804226065180615, "x/lr1": 0.009804226065180615, "x/lr2": 0.009804226065180615, "_runtime": 1516, "_timestamp": 1621476364, "_step": 1}